{
    "$schema": "https://schema.management.azure.com/schemas/2015-01-01/deploymentParameters.json#",
    "contentVersion": "1.0.0.0",
    "parameters": {
        "extensions_enablevmAccess_username": {
            "value": null
        },
        "extensions_enablevmAccess_password": {
            "value": null
        },
        "extensions_enablevmAccess_ssh_key": {
            "value": null
        },
        "extensions_enablevmAccess_reset_ssh": {
            "value": null
        },
        "extensions_enablevmAccess_remove_user": {
            "value": null
        },
        "extensions_enablevmAccess_expiration": {
            "value": null
        },
        "connections_arm_name": {
            "value": null
        },
        "vaults_vault524_name": {
            "value": null
        },
        "publicIPAddresses_vmPublicIP_name": {
            "value": null
        },
        "virtualMachines_vm_boldyrieva_name": {
            "value": null
        },
        "publicIPAddresses_vm_sadzh_ip_name": {
            "value": null
        },
        "vaults_rsv_boldyrieva_name": {
            "value": null
        },
        "sshPublicKeys_vm_boldyrieva_key_name": {
            "value": null
        },
        "virtualNetworks_vnet_boldyrieva_name": {
            "value": null
        },
        "sshPublicKeys_vm_boldyrieava_key_name": {
            "value": null
        },
        "registries_aboldyrieva_name": {
            "value": null
        },
        "registries_aboldyrueva_name": {
            "value": null
        },
        "networkInterfaces_vm_boldyrieva249_name": {
            "value": null
        },
        "networkSecurityGroups_vm_sadzh_nsg_name": {
            "value": null
        },
        "publicIPAddresses_vm_boldyrieva_ip_name": {
            "value": null
        },
        "virtualNetworks_vm_boldyrieva_vnet_name": {
            "value": null
        },
        "dataCollectionRules_dcr_boldyrieva_name": {
            "value": null
        },
        "workspaces_low_boldyrieva_name": {
            "value": null
        },
        "networkSecurityGroups_vm_boldyrieva_nsg_name": {
            "value": null
        },
        "networkSecurityGroups_myNetworkSecurityGroup_name": {
            "value": null
        },
        "dataCollectionRules_MSVMI_italynorth_vm_boldyrieva_name": {
            "value": null
        },
        "dataCollectionRules_MSVMOtel_francecentral_vm_boldyrieva_name": {
            "value": null
        },
        "accounts_defaultazuremonitorworkspace_par_externalid": {
            "value": null
        }
    }
}